"id","link_pro","title_pro","link_pro2"
1,"/wbase/28","Router 直駁 VPN 服務教學！全屋裝置免設定！","https://resource01-proxy.ulifestyle.com.hk/res/v3/image/content/2720000/2722260/rc_1024.jpg"
2,"/wbase/29","Google Sheet 自製股票監察表教學 一表自動監察股價上落","https://resource01-proxy.ulifestyle.com.hk/res/v3/image/content/2305000/2309466/20190327_stock_01_1024.jpg"
3,"/wbase/30","Windows．Mac 快捷鍵比對！因工作需要「轉會」亦能輕鬆上手【入門篇】","https://resource01-proxy.ulifestyle.com.hk/res/v3/image/content/2525000/2525315/key00_1024.jpg"
4,"/wbase/31","【教學】WhatsApp 超實用秘技！即睇 20 個隱藏功能！","https://resource01-proxy.ulifestyle.com.hk/res/v3/image/content/2580000/2581805/wcms2_1024_1024.jpg"
5,"/wbase/32
","香港身份證 5 大冷知識！3 粒星不代表香港出世？","https://resource01-proxy.ulifestyle.com.hk/res/v3/image/content/2265000/2269995/shen02--_1024.jpg"
6,"/wbase/33
","Facebook 新備份資料功能！超簡易轉移相片、影片！【附教學】","https://resource01-proxy.ulifestyle.com.hk/res/v3/image/content/2660000/2662732/fbcms_1024.jpg"
7,"/wbase/34","【教學】5 個 iPhone 打字小技巧","https://resource01-proxy.ulifestyle.com.hk/res/v3/image/content/2935000/2937632/34342_1024.png"
8,"/wbase/35
","5 大智能手機保安貼士！提升手機安全！","https://resource01-proxy.ulifestyle.com.hk/res/v3/image/content/2930000/2933504/20210414_mobile_01_1024.jpg"
9,"/wbase/36
","iPhone 相片總管 照片清理器免費呀！","https://resource01-proxy.ulifestyle.com.hk/res/v3/image/content/2930000/2934120/20210413_TONG_20_1024.jpg"
10,"/wbase/37","自製 WhatsApp 貼圖 Sticker Maker 創作匯入一 take 過","https://resource01-proxy.ulifestyle.com.hk/res/v3/image/content/2940000/2940059/20210422_TONG_20_1024.jpg"
